nombre,rut,edad,sexo
Hettie Sweeney,99937169-8,52,hombre
Sheila Gilmore,57931953-4,51,hombre
Esteban Schroder,83905334-7,30,hombre
Geraint Shaw,59854747-5,19,mujer
Rikki Hewitt,77209293-8,55,mujer
Taine Ireland,97675067-5,34,mujer
Amar Gough,31113786-7,32,mujer
Ottilie Vega,95667888-9,21,hombre
Kamron Moran,10094201-1,39,mujer
Angharad Hatfield,65573855-k,55,mujer
Sade Keller,62550748-0,60,hombre
Yohao Portales,42127645-5,70,hombre
Tamara Dealecio,41183684-3,50,mujer
Isobel Dudley,99108730-3,23,hombre
Haleemah Baxter,14408869-7,23,mujer
Simoney Mora,86447590-6,26,hombre
Roseanne Nguyen,45856781-6,50,mujer
Alexander Peña,53042462-6,64,mujer
Alanis Clark,73833231-8,40,mujer
Freddy Simons,52698782-9,29,hombre
Cleo Aguilar,37220030-8,26,hombre
Allison Costa,83029887-8,38,mujer
Edna Harper,14156767-5,29,mujer
Laylah Grey,40350724-5,46,mujer
Darragh Foreman,44770429-3,58,mujer
Gustavo Castro,47922722-5,22,mujer
Mikayla Hume,42714709-6,30,mujer
Andrea Alburquenque,80703512-6,24,hombre
Tj Romero,63951440-4,58,mujer
Indigo Liu,54570173-1,42,mujer
Zayaan Paterson,12673702-5,44,mujer
Jad Mercer,62820832-8,20,mujer
Iahn Oyarce,18912034-6,42,hombre
Bernard Wells,12815044-7,56,hombre
Arnav Shannon,82376572-k,54,hombre
Benjamin Ancacura,97321798-4,86,mujer
Adyan Wicks,77214559-4,52,hombre
Joan Alvarado,21878618-9,49,hombre
Marian Spence,19528671-k,57,hombre
Mairin Romero,85553386-3,26,hombre
Nadir Redman,95855049-9,57,mujer
Annaliese Mckinney,69767927-8,30,hombre
Junior Bryant,25919808-9,24,mujer
Eren Eastwood,46025545-7,28,mujer
Claudia Avery,44626695-0,20,hombre
Ainsley Read,67629255-1,25,mujer
Angelo Caniuñir,62887150-7,12,mujer
Alexia Matus,72309503-4,18,mujer
Tasmin Crossley,75020925-4,40,hombre
Jad Woodcock,73453102-2,44,mujer
Milena Bright,12957899-8,37,hombre
Aman Nixon,10544563-6,48,mujer
Judith Stott,89025372-5,38,mujer
Arturo Calabrano,26123513-7,82,hombre
Lucien Watkins,22760013-6,54,mujer
Ruby-Leigh Stevenson,75328775-2,24,hombre
Reanne Cooke,32219010-7,20,mujer
Dotty Lees,23298314-0,35,hombre
Brandan Mcdougall,48630167-8,42,mujer
Celine Yañez,27952560-4,74,hombre
Abbas Gonzales,85884715-k,38,hombre
Ricardo Amin,43538788-8,35,mujer
Kelly Keenan,56944351-2,34,hombre
Javiera Grandon,61036645-7,10,hombre
Eamon Conway,69698793-9,53,hombre
Maria Martinez,57342278-3,84,mujer
Kaylen Yoder,55514185-8,34,hombre
Sallie Wolf,85831418-6,58,mujer
Jean Cullen,20032612-1,54,hombre
Simona Vilches,33236616-5,98,mujer
Ricardo Devine,66976509-6,43,mujer
Adam Delarosa,96900689-8,26,hombre
Sofia Peña,45347413-5,29,hombre
Hassan Gilmore,90172937-9,23,mujer
Ashlee Alston,36030482-5,25,mujer
Denis Mann,92946711-6,43,mujer
Liyah Cooper,93176945-6,22,hombre
Lulu Sexton,21330792-4,25,hombre
Humairaa Knights,70368495-5,19,mujer
Nikki Pearson,22060310-5,27,hombre
Mariah Wyatt,58038177-4,27,hombre
Rahul Finley,50814284-6,36,hombre
Benjamin Jeria,43161018-3,95,mujer
Ophelia O'Doherty,92311983-3,21,hombre
Alessandro Pizarro,64336012-8,25,hombre
Taliyah Cope,12033288-0,43,hombre
Alister Hills,45400053-6,41,hombre
Kaira Frey,22240154-2,52,mujer
Nicolle Marshall,51242629-8,35,hombre
Dania Neal,72430402-8,23,hombre
Kory Hays,17286061-3,29,mujer
Sayenn Pavez,90414316-2,26,mujer
Sidrah Mclellan,98683815-5,23,hombre
Jareth Castillo,45631604-2,52,mujer
Rafi Kaiser,39949282-3,37,hombre
Fernando Escobar,13635178-8,14,hombre
Quentin Jacobs,66658505-4,49,hombre
Alina Payne,51853396-7,41,mujer
April Peters,81168161-k,50,hombre
Miguel Martinez,34917249-6,47,hombre
Valeria Martinez,23514054-3,74,mujer
Yisroel Wheatley,22566169-3,59,mujer
Imani Decker,48060937-9,35,hombre
Camila Aburto,32726853-8,26,hombre
Evelyn Duran,31845287-3,51,hombre
Emile Lopez,70019535-k,39,hombre
Darsh Bloom,62785039-5,45,hombre
Imran Senior,30991735-9,40,mujer
Oliver Huff,18167947-6,47,mujer
Agustin Farias,75766984-6,36,mujer
Amritpal Whyte,29295221-k,32,mujer
Miruna Friedman,35773199-2,37,hombre
Rafael Cisneros,41226633-1,60,hombre
Lily-Anne Patel,39089742-1,36,mujer
Jonah Murphy,53331281-0,24,hombre
Akash Riley,56292778-6,36,hombre
Musab Valencia,80308047-k,40,hombre
Mylah Long,25327705-k,50,mujer
Fernanda Vargas,15119459-1,16,hombre
Deen Smyth,80438756-0,48,hombre
Diya Hansen,35066595-1,51,hombre
Lori Galvan,64370666-0,50,hombre
Avani Phan,51193594-6,55,mujer
Kymani Rahman,95711978-6,49,hombre
Yasmin Suarez,16636734-4,73,mujer
Lois Charlton,58366562-5,31,mujer
Bea Mcnally,63382431-2,50,mujer
Mateo Contreras,47249752-9,50,mujer
Jordan-Lee Norman,65227086-7,50,mujer
Kwabena Stone,74415365-4,37,mujer
Ivy-Rose Mcclure,41659296-9,54,mujer
Danica Fletcher,59919311-1,59,hombre
Khadija Wells,51693674-6,51,mujer
Davey Gunn,28752611-3,39,mujer
Toby Mcarthur,37200573-4,18,hombre
Valentina Muñoz,25844754-9,58,hombre
Katarina Chang,82719046-2,54,hombre
Andrea Aguilar,54023774-3,11,mujer
Samuel Wilkerson,66361406-1,54,hombre
Nicolas Soto,89146700-1,46,hombre
Natalya Morgan,37981852-8,34,hombre
Subhaan Corbett,93009498-6,29,hombre
Willis Herbert,97985609-1,18,mujer
Winston Castro,10537138-1,55,mujer
Meerab Shields,81311438-0,40,hombre
Tayyib Davila,47121914-2,47,mujer
Fynley Glenn,34048567-k,47,mujer
Huda Sullivan,17195049-k,20,mujer
Amanah Mckay,93635199-9,46,hombre
Hester Jeffery,20026905-5,39,mujer
Subhan Pearce,53329659-9,59,hombre
Kiran Hanna,88697741-7,36,mujer
Ines Fountain,59150917-9,34,hombre
Campbell Shepherd,81602032-8,51,hombre
Mea Dorsey,95199785-4,37,hombre
Lucas Santibañez,77210598-3,63,hombre
Rhyley Justice,74644456-7,34,mujer
Ashlyn Rossi,81783289-k,32,mujer
Xavier Stuart,52189199-8,42,hombre
Madeleine Stokes,82993651-8,32,mujer
Spike Kim,24129722-5,40,hombre
Teddy Henderson,11091024-k,51,hombre
Martin Rojas,24840265-2,66,hombre
Antoinette Schmidt,68505645-3,32,mujer
Hashir Hendricks,38100857-6,49,mujer
Martina Cuevas,55868629-4,70,mujer
Benjamin Barria,78158392-8,43,mujer
Benjamin Vera,28450511-5,96,mujer
Kingsley Goddard,73418283-4,19,mujer
Aubree Ridley,87813399-4,58,mujer
Faizaan Gilmour,16833235-1,44,mujer
Humayra Palacios,90494178-6,32,hombre
Billy-Joe Ward,12177977-3,22,hombre
Genesis Ramirez,13295853-k,15,hombre
Nigel Dickens,41966463-4,36,mujer
Jem Bailey,33670116-3,47,mujer
Sylvia Faulkner,63953205-4,34,mujer
Matias Moreno,17263415-k,13,mujer
Kayden Delarosa,82693313-5,34,hombre
Kornelia Drummond,50062649-6,46,hombre
Javier Aravena,57325256-k,45,hombre
Joshua Vo,69373271-9,23,hombre
Jacob Torres,31256887-k,36,mujer
Anabel Montgomery,49359132-0,23,mujer
Sayuri Bahamondes,62220169-0,85,hombre
Kharla Astudillo,32644502-9,99,mujer
Ariya Travis,55776079-2,49,hombre
Zeshan Mcmillan,36205098-7,23,mujer
Ivanna Contreras,27604578-4,44,mujer
Reginald Tanner,45717384-9,36,mujer
Olivia-Rose Fuentes,22249624-1,48,hombre
Nancy Blake,56119224-3,20,mujer
Jadine Gould,26257768-6,26,mujer
Chiara Howell,17677635-8,35,mujer
Calista Cummings,17341224-k,53,mujer
Rhea Gale,45026478-4,55,mujer
Lucille Wilkerson,22145359-k,39,mujer
Yaimara Cisternas,66760004-9,83,hombre
Rose Larsen,47942200-1,52,hombre
Tehya Curry,46524982-k,48,hombre
Dominik Wynn,57639262-1,21,mujer
Abdi Mccoy,97166191-7,24,hombre
Julia Moses,77941465-5,39,hombre
Franco Benavides,49995619-3,97,mujer
Kristen Gallegos,52778909-5,59,hombre
Aaron Cornejo,48998776-7,78,mujer
Malaki Wiggins,94123958-7,37,hombre
Luca Foley,71316667-7,37,mujer
Nayla Bates,72611524-9,55,mujer
Terence Goff,57289805-9,47,mujer
Ziva Langley,75129314-3,47,hombre
Myles Nash,58976828-0,52,hombre
Briony Whelan,91231636-k,37,hombre
Abigail Coulson,76871405-3,34,hombre
Alfie-James Moyer,74500563-2,55,hombre
Carter Bradshaw,83123905-0,47,hombre
Imogen Wills,55994808-k,22,hombre
Lucy Sutherland,98417733-k,25,mujer
Ignacio Castillo,35492826-4,59,hombre
Javiera Vigouroux,13093741-1,38,hombre
Logan Kramer,13572944-2,58,mujer
Vikki Bradshaw,34864642-7,47,mujer
Daniela Habibe,88034198-7,36,hombre
Arwen Flores,47673879-2,34,hombre
Catalina Lopez,36578275-k,28,mujer
Anisha Brady,20694588-5,51,mujer
Reagan Schofield,15298663-7,33,mujer
Cruz Winter,38563658-k,40,mujer
Harriette Hubbard,44840159-6,28,mujer
Quinn Munro,60574488-5,25,mujer
Jorge Tillman,42538060-5,22,hombre
Aylin Valdes,20168747-0,69,mujer
Fahad Travers,56474633-9,33,hombre
Constanza Gomez,80869010-1,40,hombre
Dionne Dowling,17167867-6,48,hombre
Arissa Webb,54363208-2,49,hombre
Riccardo Hamilton,80588097-k,40,mujer
Mysha Weston,48925896-k,53,mujer
Tiffany May,53747213-8,51,mujer
Dora Noble,36259502-9,48,mujer
Felipe Jilberto,67938721-9,16,hombre
Khushi Mayo,31706054-8,40,mujer
Isidora Loyola,92505908-0,83,hombre
Daniel Blanco,16264932-9,36,mujer
Korben Hurley,64651214-k,50,hombre
Lacy Simon,79861684-6,41,hombre
Camila Arancibia,19130484-5,36,hombre
Victoria Adasme,58179139-9,75,hombre
Rebeca Park,32628385-1,41,hombre
Gia Elliott,67391164-1,46,hombre
Taiba Richmond,49628420-8,55,mujer
Jayden-James Mckay,38717290-4,49,mujer
Caitlyn Mckenzie,76160177-6,37,mujer
Saima Ferry,16775393-0,56,mujer
Tasnim Rutledge,30741496-1,57,hombre
Leonie Schofield,88132030-4,42,mujer
Una Kramer,34566442-4,57,hombre
Enygger Videla,62942419-9,45,hombre
Georga Salinas,85055980-5,51,mujer
Tyreke Gilmore,12412672-k,59,mujer
Anish Coleman,46188032-0,23,hombre
Millaray Meza,40538537-6,89,mujer
Paz Muñoz,29415476-0,75,hombre
Kirandeep Riggs,73842540-5,25,mujer
Musab Ayala,14046488-0,19,hombre
Roger Woodcock,27161682-1,38,mujer
Xavier Oyarzun,70876733-6,62,hombre
Jadon Slater,99347364-2,20,hombre
Martin Leiva,95810168-6,73,hombre
Valentino Gilliam,65207641-6,26,hombre
Dolcie Handley,94888169-1,46,hombre
Christopher Macleod,51433500-1,51,hombre
Tye Corrigan,28273728-0,47,hombre
Abubakar Gentry,86664654-6,41,hombre
Patrik Rollins,43922451-7,45,hombre
Akeel Espinosa,55705480-4,32,hombre
Hamza Carson,21201270-k,22,hombre
Fenella Schaefer,26240285-1,33,hombre
Homer Jacobson,37797879-k,42,mujer
Orla Mcclure,32366948-1,54,mujer
Loki Snyder,13938471-7,45,mujer
Dante Nava,88732812-9,44,mujer
Mysha Firth,77354291-0,22,hombre
Samir Daugherty,96371883-7,33,mujer
Chandni Stanton,11904025-6,50,mujer
Isidora Villarroel,36669949-k,98,mujer
Hailie Robertson,59137080-4,58,mujer
Ava-Mai Spooner,15451762-6,40,mujer
Khadija Dalby,32153494-5,43,mujer
Bridie Currie,63214464-4,35,mujer
Kiomara Huinca,48979148-k,13,mujer
Neve Carter,35662780-6,23,mujer
Diego Arce,80356838-3,93,mujer
Leoni Smyth,98642893-3,39,mujer
Ace Stephenson,57181678-4,57,mujer
Shahzaib Espinoza,34975310-3,50,mujer
Adnaan Rowley,34183638-7,34,hombre
Andres Abarca,88094734-6,14,hombre
Saffron Sawyer,88538509-5,52,hombre
Dollie Rivers,92170041-5,45,mujer
Catari Monsalves,81641085-1,30,mujer
Callie Collier,80843691-4,29,hombre
Aubree Marsden,71796805-0,59,mujer
Priya Oneil,96213582-k,39,mujer
Paula Quintrel,58846331-1,60,mujer
Connor Weir,62422623-2,44,hombre
Harry Hood,42868972-0,50,mujer
Petra Rigby,73561428-2,21,hombre
Anaya Rice,62832139-6,52,hombre
Gabriela Garay,83538271-0,22,hombre
Annabelle Stephens,33090056-3,37,hombre
Arslan Horton,13690129-k,40,hombre
Sia Begum,10348170-8,46,mujer
Arham Johnson,58496906-7,41,hombre
Antonia Elguezabal,38631846-8,88,mujer
Faraz Chapman,28485302-4,60,mujer
Gavin Jeffery,37742604-5,43,mujer
Cristobal Yanka,31679088-7,44,hombre
Matias Rodriguez,85301240-8,92,mujer
Kathryn Whiteley,15373219-1,48,mujer
Kian Branch,43123228-6,37,hombre
Darrell Barnes,15683276-6,20,hombre
Hilary Mair,97781705-6,28,mujer
Kyle Aguirre,53783913-9,30,hombre
Francisca Pinto,29622397-2,26,hombre
Johanna Whelan,20996381-7,49,mujer
Martin Flores,35412165-4,78,mujer
Nazaret Carreño,16687104-2,91,mujer
Brittney Le,70624789-0,42,hombre
Jordi Thorne,59089616-0,57,mujer
Loreto Luna,61863167-2,48,mujer
Isidora Jimenez,90505307-8,13,mujer
Martin Neculman,48908396-5,51,mujer
Asmaa Allman,58648727-2,44,hombre
Linzi Wong,14200344-9,46,mujer
Theo Davenport,32750103-8,24,hombre
Alejandra Valdes,58143457-k,85,mujer
Jiya Irvine,16689945-1,20,hombre
Gaia Pearson,23686910-5,31,mujer
Shivam Frey,41581842-4,56,mujer
Melisa Travis,56350683-0,31,mujer
Melissa Ashley,29803983-4,59,hombre
Sofia Flores,37142311-7,83,hombre
Lisa-Marie Grimes,19386119-9,40,hombre
Robyn Riddle,36432728-5,28,mujer
Awais Vasquez,32690774-k,18,hombre
Aimie Sears,72018152-5,27,hombre
Jobe Hopper,69135613-2,48,hombre
Margaux Cleveland,44973013-5,56,hombre
Maia Glover,52792841-9,22,mujer
Isaac Andrades,85384785-2,65,hombre
Ibraheem Gamble,33016426-3,45,mujer
Lily-Anne Barnes,25309713-2,54,hombre
Arif Thorne,56485501-4,33,mujer
Danitza Castro,67978268-1,77,mujer
Edward Truong,44060880-9,34,mujer
Jorge Zumelzu,51616764-5,15,mujer
Hughie Storey,20600805-9,19,hombre
Abubakar Bowler,90471139-k,25,mujer
Catalina Urquiza,46067685-1,83,mujer
Dainton Pratt,29004298-4,24,mujer
Franco Johnston,58155861-9,18,mujer
Gracie-Mae Gilbert,31642814-2,43,mujer
Carrie-Ann Dickson,19142189-2,59,mujer
Reece Price,39038168-9,36,hombre
Lucas Nuñez,29903675-8,95,hombre
Aydin Berger,94688326-3,56,hombre
Elleanor Kane,86339917-3,23,mujer
Keagan Hope,91957637-5,26,hombre
Paz Aguayo,81252987-0,41,mujer
Silvio Peralta,36731956-9,81,mujer
Theresa Robson,12348490-8,21,mujer
Ottilie Campos,78166652-1,49,mujer
Petra Sharp,78156640-3,48,hombre
Elsie-May Chadwick,86646016-7,42,hombre
Yahir Garrido,63814706-8,43,hombre
Miller Fletcher,35340502-0,57,hombre
Kabir Melendez,49798131-k,34,hombre
Amos Santiago,82645956-5,60,hombre
Katie Yoder,57078757-8,49,hombre
Yacyara Soza,89512502-4,22,hombre
Princess Guest,73454838-3,56,mujer
Deanna Wilder,47666047-5,29,hombre
Millaray Ramos,68353685-7,56,hombre
Harvie Forbes,58945079-5,23,hombre
Hunter Solomon,88772168-8,24,hombre
Rhydian Keeling,44372095-2,22,mujer
Demi-Leigh Byrd,22977216-3,39,hombre
Zakary Ingram,74580276-1,21,mujer
Camron Chaney,70366259-5,50,hombre
Fahad Diaz,26849996-2,34,hombre
Carter Plummer,27003910-3,28,hombre
Jose Espina,60987705-7,19,mujer
Amber-Rose Wardle,92244003-4,48,hombre
Harlow Woods,99302343-4,19,hombre
Adrianna Khan,59885368-1,37,mujer
Dylan Nicholls,92951996-5,41,hombre
Alexandra Barrera,82429778-9,51,hombre
Sherri Kearns,38470405-0,46,mujer
Bayron Guzman,31653150-4,84,mujer
Javan Wiley,57728317-6,23,hombre
Diego Castillo,76081261-7,57,hombre
Cleo Parsons,33917878-k,23,hombre
Jevan Martins,22937366-8,49,mujer
Camilo Zambrano,76849115-1,13,mujer
Tudor Proctor,76362168-5,58,mujer
Codie Sampson,25342278-5,24,mujer
Faheem Bains,16697747-9,42,hombre
Maksim Mcmahon,97355372-0,27,hombre
Tamara Flynn,91119340-k,35,mujer
Lilli Leech,13904984-5,37,mujer
Huw Lewis,79348268-k,29,hombre
Francis Luna,35776394-0,46,mujer
Diego Guajardo,19209075-k,74,mujer
Oran Valdez,21672114-4,40,hombre
Tyrique Healy,29989393-6,22,mujer
Amiya Craft,35661237-k,36,mujer
Zubair Benjamin,19150492-5,54,mujer
Ariel Iturra,91210142-8,44,mujer
Bruno Mardones,16483997-4,36,hombre
Thiago Busby,63360085-6,33,hombre
Mcauley Robles,34352032-8,48,mujer
Millie Nava,96217495-7,33,hombre
Sylvia Melendez,59170372-2,47,hombre
Jaiden Sampson,89477804-0,18,mujer
Thea Stephens,64043694-8,58,mujer
Aleksander Patton,29009046-6,46,hombre
Taylan Wilks,44253237-0,23,hombre
Benjamin Sanchez,84095044-1,78,hombre
Genevieve Booth,85743167-7,53,mujer
Nina Holding,17159919-9,36,mujer
Vicente Alarcon,28231652-8,19,hombre
Bella-Rose Rivers,47591540-2,56,mujer
Charlton Bridges,76591179-6,22,hombre
Usman Lara,33402225-0,18,mujer
Marwah Wiggins,82833215-5,51,hombre
Javiera Vasquez,56619171-7,66,hombre
Tamara Candia,80092681-5,24,hombre
Dannielle Power,84539370-2,59,hombre
Martha Hulme,60370162-3,27,mujer
Otto Lindsay,89260929-2,25,hombre
Mina Dougherty,90966759-3,26,mujer
Antonio Salinas,99927220-7,83,hombre
Katherine Retamal,22252251-k,94,hombre
Finnian Larson,26905798-k,43,mujer
Nikkita Dodson,20297901-7,33,mujer
De Rave,20228556-2,15,hombre
Theodore Wilkes,11341475-8,38,hombre
Trey Saunders,23494123-2,57,hombre
Ffion Allison,70202613-k,38,hombre
Rehaan Dunlop,70116705-8,25,mujer
John-James Burton,60747994-1,46,hombre
Susie Crane,14197251-0,57,mujer
Dulcie Kearns,92931585-5,52,hombre
Kynan Benson,90155266-5,56,hombre
Valentina Campos,52179815-7,22,hombre
Thierry Shaw,15333675-k,21,mujer
Momina Read,62420431-k,37,hombre
Courtney O'Sullivan,53171533-0,40,mujer
Luke Hills,91844038-0,48,hombre
Mared Pineda,17459269-1,60,hombre
Venecia Campos,40640800-0,71,hombre
Loretta Mcconnell,27844046-k,18,hombre
Kimberly Mason,97632703-9,20,hombre
Georgiana Yu,68225683-4,56,hombre
Annaliese Ford,47342099-6,37,hombre
Yael Vera,99149710-2,91,hombre
Antonella Molina,91957885-8,53,mujer
Isidora Garabito,96562711-1,95,mujer
Gabriela Jimenez,64100872-9,26,hombre
Akeem Hensley,84891139-9,33,mujer
Aadam Dunlop,66540267-3,55,hombre
Kathalina San,61242043-2,45,mujer
Clay Huynh,54106148-7,18,mujer
Maxime Haigh,49718772-9,18,mujer
Suranne Byrd,36600416-5,46,hombre
Barbara Zuñiga,15765031-9,10,hombre
Korban Robbins,38629675-8,60,mujer
Daria Ellison,63483183-5,49,hombre
Suhayb Frame,41740767-7,29,mujer
Antonia Ortega,23632306-4,94,hombre
Rio Haas,45453849-8,30,hombre
Esme-Rose Sargent,79459402-3,41,mujer
Elissa Schmidt,60926655-4,53,mujer
Thea Whiteley,79735673-5,49,hombre
Jesus Small,90007582-0,52,hombre
Dylan Campos,69020528-9,87,mujer
Karina Araos,30001031-8,29,mujer
Ayana Portillo,60456055-1,23,mujer
Priyanka Navarro,21219682-7,43,hombre
Isaac Fleming,52258791-5,20,mujer
Eryk Greene,49337371-4,39,mujer
Mahi Ross,56535213-k,34,mujer
Catalina Miranda,66970190-k,36,hombre
Aritza Flores,97804380-1,67,mujer
Montgomery Cornish,13370165-6,19,hombre
Waqas Buchanan,85411178-7,29,mujer
Darla Childs,61995722-9,21,hombre
Miyah Trevino,36044904-1,26,hombre
Che Partridge,16943787-4,39,mujer
Amari Stubbs,88726486-4,24,hombre
Alonso Toro,53721649-2,59,mujer
Andres Mora,52581344-4,34,mujer
Hudson Emerson,54746197-5,59,mujer
Teejay Leon,48849361-2,45,hombre
Alexandra Carmona,32992512-9,86,mujer
Fernanda Gonzales,97418193-2,77,hombre
Zainab James,48795285-0,30,hombre
Nathanael Carlson,70733075-9,22,hombre
Lola-Mae Kay,93840785-1,34,hombre
Brandon Rodrigues,46033111-0,55,mujer
Barbara Lincopan,31457093-6,74,hombre
Jibril Davie,99748016-3,32,hombre
Huma Phelps,46012714-9,55,mujer
Kade Garrett,16222268-6,41,mujer
Absalon Figueroa,71612139-9,32,mujer
Yaen Sanhueza,96404014-1,36,mujer
Aizah Castro,39567466-8,44,hombre
Millie-Rose Frost,83118985-1,39,hombre
Chenai Lynch,61627352-3,33,mujer
Alonso Agurto,80146994-9,41,mujer
Jesus Navarrete,45981588-0,44,hombre
Zidan Mcguire,43129309-9,19,hombre
Zaine Trujillo,20820475-0,23,hombre
Yamna Reyes,53642790-2,48,mujer
Gerrard Quintana,59814228-9,57,mujer
Luis Pacheco,76534733-5,37,hombre
Benjamin Saavedra,34572846-5,34,mujer
Constanza Loyola,45740927-3,19,mujer
Patryk Vang,18076157-8,45,hombre
Clayton Mckenna,75397524-1,37,mujer
Brandi Conroy,63936216-7,33,mujer
Lara Mcmahon,20672410-2,44,mujer
Frances Corrigan,12920124-k,25,mujer
Kerri Herbert,11453035-2,56,mujer
Jaidon Gay,84964932-9,52,mujer
Vijay Palacios,51667797-k,52,mujer
Alexandra Naylor,85594953-9,49,mujer
Derrick Fritz,34996262-4,52,mujer
Dean Schneider,56064569-4,45,hombre
Fernanda Salinas,83481742-k,85,hombre
Suzanna Romero,80558312-6,49,hombre
Ramone Guzman,40236352-5,38,mujer
Tasha Nicholson,88730119-0,58,mujer
Dane Sharma,30928102-0,42,mujer
Barbara Sanchez,77757931-2,35,hombre
Jorgie Power,58844715-4,23,mujer
Dylan Perez,32273643-6,77,hombre
Ashlea Alexander,35288330-1,20,mujer
Agnes Singleton,43776217-1,34,mujer
Naya Melia,29676675-5,59,mujer
Serenity Rossi,46930527-9,29,mujer
Ariella Werner,66119831-1,28,hombre
Derry Garcia,83584289-4,55,mujer
Janine Keller,45624249-9,38,hombre
Mehak Dawson,80600254-2,55,mujer
Mahir Nunez,97657967-4,46,mujer
Conrad Buchanan,85122660-5,36,mujer
Tayyibah Mckinney,18067050-5,50,mujer
Pierce Mora,29557986-2,28,mujer
Violet Mccray,86103635-9,34,hombre
Murphy Melendez,72620651-1,26,hombre
Hilda Brett,73352137-6,48,hombre
Hailie Kirkpatrick,45589350-k,58,mujer
Maria Jilberto,92270331-0,17,mujer
Belinda Chamberlain,76762441-7,37,hombre
Padme Rodriguez,28118803-8,47,hombre
Ruby-May Espinosa,44290962-8,56,hombre
Elisabeth Pickett,12842111-4,36,mujer
Daniela Arriagada,76041278-3,75,mujer
Celia Durham,61554580-5,55,mujer
Crichna Salazar,84081575-7,19,mujer
Jakub Huang,71591727-0,50,mujer
Aviana Nairn,78918085-7,48,hombre
Rhonda Reeve,97538963-4,20,hombre
Bastian Lagos,44422964-0,35,hombre
Donna Montes,75903526-7,44,mujer
Shelby Holder,33802463-0,54,mujer
Kaleem Hill,60727093-7,36,hombre
Josefa Alarcon,16413527-6,67,mujer
Jenna Wyatt,93600353-2,52,hombre
Monserrat Vidal,81018273-3,72,hombre
Roman Thomas,66199185-2,25,mujer
Riaan Mays,98708700-5,48,mujer
Florence Lucero,66866166-1,40,hombre
Asher Valentine,20774234-1,25,mujer
Dillon Reeves,83917354-7,49,mujer
Ian Carrera,88757035-3,30,mujer
Shaunie Naylor,58307021-4,49,mujer
Howard Boone,79543386-4,23,hombre
Henna Cantu,18970874-2,24,mujer
Evelina Dickerson,13068977-9,46,hombre
Anibal Contreras,77189827-0,19,hombre
Jake Hatfield,64501886-9,19,hombre
Chase Horner,30680313-1,27,hombre
Gina Cortes,77366538-9,59,mujer
Mayson Nicholson,26541300-5,60,hombre
Martin Celis,27423756-2,84,hombre
Kasim Brooks,61892040-2,59,mujer
Marlon Lott,29381516-k,39,hombre
Kacy Stubbs,55012555-2,60,hombre
Santiago Robles,63824003-3,57,hombre
Xander Simmonds,91258242-6,23,hombre
Izaak Mathis,92386054-1,38,hombre
Scarlet Banks,83386046-1,25,mujer
Skyla Dorsey,74759859-2,42,hombre
Thaira Hormazabal,54157127-2,74,mujer
Glenn Curry,67216197-5,18,mujer
Karis Downes,42494071-2,58,mujer
Afsana Roth,31690607-9,21,hombre
Benjamin Rodriguez,86434438-0,30,mujer
Constanza Jorquera,18768050-6,32,hombre
Catalina Vasquez,81207716-3,49,hombre
Claudio Carreño,84167281-k,39,mujer
Brenda Duncan,77814675-4,35,mujer
Karter Swan,48996426-0,43,hombre
Naeem Sharpe,72157153-k,38,hombre
Madihah Haas,88198898-4,41,hombre
Bridget Mckee,10669832-5,56,hombre
Kailum Caldwell,81560843-7,52,mujer
Luciano Sheldon,92554015-3,55,mujer
Mimi Harris,48269008-4,49,hombre
Keegan Stevens,19844189-9,53,mujer
Solomon Morton,31726652-9,55,hombre
Nataniel Miller,44100123-1,38,mujer
Maison Rhodes,96951878-3,23,mujer
Huey Leonard,97901764-2,32,mujer
Carys Conrad,78479752-k,19,hombre
Braiden Hoover,26635765-6,42,hombre
Desiree Webber,58154631-9,33,hombre
Krishna Ordoñez,45677093-2,31,hombre
Corban Stacey,15286948-7,53,hombre
Christie Zavala,44604413-3,55,mujer
Antonia Olivares,23407008-8,51,hombre
Alejandra Olguin,98849412-7,42,hombre
Nevaeh Gill,88667817-7,46,mujer
Rehaan Acosta,34762796-8,40,hombre
Gracie-May Patton,14002078-8,29,hombre
Shahzaib Lester,84621982-k,34,mujer
Tehya Galvan,52916249-9,28,hombre
Zunairah Mcgee,53087333-1,45,mujer
Presley Dunkley,77520112-6,31,hombre
Ariyan Patel,37780063-k,32,hombre
Matias Fuentes,55972471-8,32,hombre
Alonso Carrasco,42300579-3,84,hombre
Kimberley Frost,85297873-2,55,hombre
Matias Momberg,81019249-6,96,mujer
Haley Bonilla,55326528-2,58,hombre
Jacob Cartes,53325503-5,98,hombre
Jordon Hester,82809947-7,44,hombre
Kiara Moya,12187269-2,46,mujer
Margaux Battle,87544765-3,46,mujer
Haidar Frank,92365268-k,50,mujer
Tonya Charles,78059417-9,39,hombre
Poppie Vang,23713134-7,54,hombre
Leja Reeves,28630079-0,46,mujer
Javier Hurtado,40373818-2,84,mujer
Esme-Rose Wicks,41325900-2,29,hombre
Damien Barnard,34761062-3,40,mujer
Ranveer Cope,58963604-k,23,mujer
Elina Lake,18812547-6,56,mujer
Sulaiman Martin,11077126-6,25,hombre
Aditya Vance,79693636-3,33,mujer
Cayson Branch,22913410-8,30,mujer
Lina Mclaughlin,68133700-8,45,mujer
Mayson Baird,69568679-k,48,hombre
Mysha Storey,50453382-4,48,mujer
Kaelan Greenwood,66258468-1,55,mujer
Nyla Paul,91059844-9,42,mujer
Catriona Cresswell,83640016-k,36,mujer
Patrik Dodson,52650167-5,45,mujer
Dante Buckner,48776848-0,52,mujer
Deanne Villarreal,67753422-2,38,mujer
Shawn Brock,35685353-9,41,mujer
Caspian Potts,22412109-1,43,hombre
Ashlyn Finch,97163657-2,31,mujer
Giordano Flores,83399209-0,20,hombre
Liam Ferreira,65884381-8,19,mujer
Fernando Lopez,25806104-7,76,hombre
Asma Brook,35806868-5,32,mujer
Taine Calvert,75039658-5,60,hombre
Isidora Fernandez,85073231-0,89,hombre
Gerrard Ho,22150901-3,47,mujer
Nafisa Foster,73178495-7,39,mujer
Nicky O'Brien,15460166-k,36,mujer
Bevan Pineda,23526948-1,35,hombre
Yaritza Garcia,34643031-1,23,hombre
Luqman Marks,15795964-6,21,mujer
Thierry Hurley,82254885-7,41,mujer
Abbi Millington,68903163-3,27,hombre
Maci Barrett,47326835-3,22,mujer
Sienna Neale,58303600-8,22,hombre
Lucy Dunlap,41545483-k,22,hombre
Kierran Stanton,50942616-3,27,hombre
Constanza Morales,48762156-0,80,hombre
Ilyas Randall,66646618-7,43,mujer
Yousif Mccullough,44281327-2,34,hombre
Paolo Silva,21290952-1,24,hombre
Gage Stafford,11798235-1,59,hombre
Harvey Marsden,90922919-7,35,mujer
Verity Murray,60987426-0,47,hombre
Danyl James,96332059-0,31,mujer
Antonella Garrido,41601315-2,49,mujer
Sylvia Mcfarland,50536630-1,37,hombre
Emiliano Figueroa,40269415-7,57,mujer
Ehsan Liu,60028335-9,19,mujer
Juan Sanchez,62974576-9,86,mujer
Laith Paul,74357811-2,49,mujer
Florrie Drew,59445067-1,55,hombre
Danyl Boyer,62196038-5,47,mujer
Alan Aceiton,60916764-5,97,hombre
Leigha Chavez,58812264-6,36,hombre
Justine Wood,22001298-0,59,mujer
Vicente Saez,90243628-6,36,mujer
Ariana Perez,94506083-2,57,hombre
Jacob Beech,87861767-3,19,mujer
Laurie Kelley,47287276-1,48,mujer
Hermione Ventura,58593290-6,58,hombre
Jordana Haley,78160098-9,23,mujer
Bryony Henry,68155764-4,37,hombre
Courtnie Duffy,55106753-k,35,mujer
Gloria Herrera,56725663-4,66,hombre
Izabelle Frey,34776869-3,50,mujer
Dina Clark,95541523-k,23,hombre
Lilly-Grace Tucker,99223381-8,53,hombre
Kathy Leal,80921370-6,35,mujer
Geoffrey Ellis,96213302-9,26,hombre
Benjamin Soto,37731534-0,28,mujer
Caius Ball,57133149-7,37,mujer
Yasser Wilkins,43926456-k,47,hombre
Gregg Douglas,18902520-3,55,mujer
Avneet Pennington,37925650-3,43,mujer
Barbara Carvajal,68583239-9,42,hombre
Evie-Grace Middleton,36706688-1,47,mujer
Marianna Barry,61786224-7,20,hombre
Artur Stokes,54245196-3,30,mujer
River Branch,42621036-3,40,mujer
Dominik Butt,78599189-3,53,mujer
Bree Cleveland,37608219-9,35,mujer
Rita Kouma,58378678-3,50,hombre
Frances Hartman,94559048-3,56,mujer
Timothy Senior,22274441-5,29,mujer
Jimmy Pratt,64903395-1,43,hombre
Nel Carson,63421928-5,19,hombre
Eoin Sutherland,42655208-6,35,hombre
Kajus Garrison,93285177-6,23,mujer
Gene Melton,50511840-5,30,hombre
Cari Welch,48592540-6,54,mujer
Maddox Moon,66169613-3,57,hombre
Summer Clements,13993032-0,30,hombre
Abubakr Benjamin,67609462-8,59,hombre
Paula Gajardo,91085975-7,17,hombre
Asha Guthrie,92390198-1,19,hombre
Prisha Spencer,54726514-9,57,hombre
Jonny Newton,33461512-k,50,mujer
Magdalena Santibañez,79464991-k,74,hombre
Oliver Fitzpatrick,80282829-2,40,hombre
Rayan Contreras,44812887-3,70,mujer
Digby Glover,38204359-6,52,mujer
Tevin Wright,89671041-9,24,mujer
Fleur Sheppard,36552322-3,50,mujer
Corrie Hinton,89321752-5,51,hombre
Maria Aranda,27811535-6,34,mujer
Kianna Flowers,74630833-7,52,mujer
Lily-Mae O'Quinn,68147125-1,58,hombre
Rafi Joyce,78463527-9,35,hombre
Otto Guest,51317447-0,55,hombre
Beauden Gilmour,18165501-1,34,hombre
Caceres San,95741388-9,57,mujer
Alfie-Lee Pruitt,61127746-6,54,mujer
Yahya York,41091494-8,21,hombre
Sayed Edwards,30862862-0,43,hombre
Cole Nairn,87649058-7,60,hombre
Nelly Butler,30760014-5,26,hombre
Yunus Galloway,15955355-8,20,mujer
Asiya Short,98357275-8,49,hombre
Maude Arnold,59129614-0,42,hombre
Walter Dickinson,48345899-1,18,mujer
Kitzy Vega,65538426-k,53,mujer
Rodrigo Figueroa,59959821-9,10,hombre
Rickie Maguire,55956975-5,50,mujer
Ella-Louise Tillman,45024924-6,53,hombre
Macarena Muñoz,51248373-9,54,hombre
Gustavo Mena,40978316-3,95,mujer
Samuel Sheridan,82270937-0,20,hombre
Nazia Quintero,64879120-8,18,mujer
Nathaniel Rivas,79974368-k,37,mujer
Harlan Goodman,78413522-5,43,hombre
Miyah Rhodes,59537115-5,49,mujer
Cora Camacho,70551235-3,38,mujer
Alicja Magana,56744324-8,28,mujer
Naseem Schmitt,49974632-6,40,mujer
Ivan Sarmiento,21759577-0,47,hombre
Dev Adamson,75269880-5,60,mujer
Ethel Colon,65855526-k,50,hombre
Abid Cross,97596735-2,42,hombre
Meerab Short,56790702-3,50,mujer
Kylo Hume,54982068-9,29,hombre
Liliana Leal,99875339-2,18,mujer
Imaad Knox,35785969-7,49,mujer
Minahil Kaye,59982206-2,59,hombre
Saoirse Tang,32273167-1,54,hombre
Marianne Mays,63688364-6,47,mujer
Mina Hebert,85973291-7,54,mujer
Ruth Steadman,93129166-1,34,mujer
Noah Avalos,79625227-8,31,mujer
Freddie Byrne,20209505-4,39,mujer
Aanya Foster,95759065-9,31,hombre
Leonardo Bucarei,61890115-7,42,hombre
Brandy Ponce,25696685-9,41,mujer
Catalina Valencia,69719019-8,57,mujer
Sue Iles,75806614-2,28,mujer
Carolina Gomez,35414863-3,37,hombre
Amelia-Rose Nguyen,22479749-4,45,hombre
Damary Pichulman,80353279-6,68,hombre
Ilyas Puckett,34012878-8,25,mujer
Fredrick Esparza,81498697-7,51,hombre
Jannat O'Moore,83635222-k,46,hombre
Camila Cabrera,93892863-0,55,hombre
Elias Sanzana,14114400-6,87,mujer
Cristhian Jimenez,46288331-5,94,mujer
Mohammad Frame,37500745-2,39,hombre
Connor Prosser,53211068-8,35,hombre
Noelia Cid,56840142-5,21,hombre
Ella-Mai Butt,41775238-2,55,mujer
Tj Moran,88495383-9,59,mujer
Henri Barrett,26113418-7,40,hombre
Isabell Goodwin,84327091-3,40,hombre
Muneeb Huff,57041868-8,53,mujer
Musa Myers,18984900-1,27,hombre
Macsen Major,62034785-k,35,hombre
Humaira Yoder,57189229-4,35,mujer
Javiera Barrera,10119008-0,95,hombre
Joaquin Pinto,24878659-0,45,hombre
Allana Jarvis,26617374-1,52,hombre
Maciej Romero,44126502-6,25,mujer
Lori Forrest,69822376-6,30,hombre
Fernanda Montero,72447098-k,35,mujer
Orlaith Collier,52968708-7,60,mujer
Valentina Gutierrez,54864080-6,75,hombre
Jameson Valdez,18665525-7,23,hombre
Monserrat Echeverria,61773216-5,28,hombre
Ivie Stark,17723136-3,30,mujer
Naima Perez,89265324-0,40,hombre
Fred Sharples,54451953-0,34,mujer
Ava-Rose O'Ryan,43831962-k,60,hombre
Ahsan Moyer,55422937-9,35,hombre
Hussein Hobbs,70156418-9,27,hombre
Philip Turnbull,97343582-5,30,hombre
Laith Zimmerman,38235761-2,22,mujer
Don Sadler,33456182-8,42,mujer
Chance Barlow,59060940-4,25,hombre
Jana Sutton,41361801-0,48,mujer
Mason Ritter,65175008-3,24,hombre
Mehdi Whitaker,17509928-k,33,mujer
Camila Gonzalez,95403427-5,10,mujer
Cem Buckley,54801563-4,55,hombre
Kieren Peck,72800848-2,49,hombre
Francisca Colima,28320055-8,67,hombre
Pola Finney,10339840-1,25,mujer
Rodney Woodcock,12205074-2,31,hombre
Kamran Santos,90730270-9,20,hombre
Asia Byers,16506263-9,54,mujer
Ignacia Galvez,80549244-9,89,mujer
Rhianna Gilliam,93207016-2,47,hombre
Valentina Gomez,80628376-2,48,hombre
Shay Glass,38405094-8,45,mujer
Jules Wainwright,45504619-k,40,hombre
Julie Hart,23819538-1,48,hombre
Bryce Watt,75281837-1,58,mujer
Marlene Hawes,41071374-8,23,hombre
Romana Woodley,59517619-0,26,hombre
Ritchie Rose,50022661-7,29,hombre
Hasan Harrison,79308193-6,45,hombre
Karla Villablanca,92851961-9,63,hombre
Bryan Jorquera,70388205-6,79,hombre
Keaton Mccall,54480341-7,50,hombre
Jael Cornejo,11271286-0,56,mujer
Leanne Weeks,31359212-k,30,hombre
Marnie Macfarlane,31194216-6,27,mujer
Maleeha Rice,65809271-5,60,mujer
Samera Macleod,37492390-0,44,hombre
Vikki Partridge,44380500-1,19,mujer
Barbara Jara,30492842-5,21,mujer
Donald Gordon,54004386-8,53,mujer
David Hubbard,25572424-k,30,mujer
Faiz Edmonds,25750021-7,43,hombre
Nathaniel Mcgill,54593722-0,54,hombre
Florrie Pacheco,95185947-8,29,hombre
Nyah Croft,68035652-1,52,mujer
Reyansh Mccormick,86367440-9,29,mujer
Beulah Rodriguez,63532763-4,41,mujer
Javiera Alarcon,41694611-6,68,mujer
Roisin Contreras,61514910-1,22,mujer
Matias Vega,19027799-2,52,hombre
Andres Vergara,12655924-0,37,hombre
Dottie Chase,56499633-5,37,hombre
Lillia Hartman,45385992-4,51,mujer
Coen Pena,11644968-4,25,hombre
Mohamed Mcclain,13863556-2,57,hombre
Aran Osborn,85778387-5,57,mujer
Rahul Horne,95435510-1,23,mujer
Jorgie Rowland,81428035-7,44,mujer
Scarlett Pezoa,40070443-0,13,mujer
Mandeep Vazquez,56197957-k,20,hombre
Kathya Spedaletti,55676647-9,97,hombre
Tanisha Weston,97996738-1,32,hombre
Alonso Farias,77489819-0,98,mujer
Jonathan Turner,30224213-5,33,mujer
Elowen Gillespie,35668656-k,28,hombre
Tyreece Carter,84569598-9,40,hombre
Patryk Enriquez,54121962-5,46,hombre
Fiona Estrada,79757833-9,41,mujer
Sabiha O'Quinn,93129167-k,60,mujer
Paloma Sucarrat,63795324-9,87,hombre
Zach Hinton,47738259-2,59,mujer
Danae Poblete,78897889-8,94,mujer
Roan Stubbs,42162871-8,31,mujer
Shana Feeney,77625718-4,40,mujer
Massimo Needham,66199699-4,30,hombre
Sebastian Bustos,92253121-8,34,hombre
Owen Drummond,16239796-6,56,mujer
Emillie Frye,98661210-6,34,hombre
Grady Esquivel,76413818-k,50,mujer
Safia Potts,75270010-9,22,mujer
Gonzalo Pino,16045471-7,88,mujer
Sonya Smart,31793868-3,60,mujer
Akeem Odonnell,21016824-9,20,hombre
Marco Waters,73815426-6,21,hombre
Balraj Davidson,66625711-1,26,hombre
Keane Morrison,92696219-1,28,mujer
Grace O'Moore,70851011-4,31,mujer
Omari Fuller,48459253-5,53,hombre
Alexis Kearney,30364676-0,22,hombre
Amy Sharples,51844875-7,38,hombre
Fabian Muñoz,58188294-7,12,mujer
Tom Palacios,18454632-9,35,hombre
Arfa Crouch,88104231-2,54,mujer
Yael Salcedo,79850677-3,81,hombre
Persephone Manning,75346943-5,51,mujer
Miranda Crouch,75523496-6,50,mujer
Ayush Pace,42938886-4,58,mujer
Tiare Miranda,73540572-1,55,hombre
Madeleine Henson,82319208-8,21,mujer
Victoria Toloza,51194123-7,73,mujer
Yuvraj Doyle,52157315-5,21,mujer
Tyrese Bishop,54178021-1,29,mujer
Matias Marillan,91051274-9,32,hombre
Kasim Curry,52176953-k,35,hombre
Flores Al,59192155-k,67,hombre
Lilly-Grace Horn,42113348-4,20,mujer
Brianna Leigh,64221026-2,44,mujer
Sebastian Moya,58509457-9,89,mujer
Annabelle Mullins,11123767-0,35,hombre
Margot Blevins,35820841-k,28,mujer
Simrah Begum,11636170-1,18,mujer
Cem Moss,13592940-9,20,mujer
Zayaan Morrison,10959343-5,22,hombre
Francisca Sanchez,98544321-1,55,mujer
Jardel Keith,40597717-6,58,hombre
Johnny Perry,64269343-3,57,mujer
Marcel Mccarty,33908685-0,23,hombre
Arianna Vazquez,50319391-4,57,mujer
Catalina Patiño,77837095-6,55,mujer
Stefan Allen,92060023-9,57,mujer
Dulcie Shelton,88413708-k,43,hombre
Anam Mcarthur,12166206-k,44,hombre
Arla Hinton,10619372-k,22,mujer
Elysia Huerta,79195789-3,28,mujer
Nakita Kelly,60031280-4,36,mujer
Herbert Hawes,46491043-3,19,mujer
Niam Snider,36615636-4,50,hombre
Matias Pichulpil,99466469-7,23,hombre
Pharrell Franklin,42168093-0,55,mujer
Isla-Mae Calhoun,99184175-k,28,mujer
Gamadiel Marin,32142510-0,73,hombre
Conzuelo Gonzales,98121429-3,82,hombre
Alondra Llanquiman,33734821-1,30,hombre
Angus Fleming,23648509-9,29,hombre
Taybah Best,33006349-1,32,mujer
Jill Baker,40588157-8,57,hombre
Thalia Scott,21823347-3,56,mujer
Gino Alston,63196577-6,35,hombre
Valentina Castillo,93044599-1,16,mujer
Charlene Chester,79446327-1,38,hombre
Millaray Jimenez,62815723-5,88,hombre
Rocio Cuello,95541819-0,30,hombre
Caprice Davies,60517573-2,22,hombre
Anees Morse,66284985-5,36,mujer
Trinidad Peralta,22876040-4,16,mujer
Keane Hoover,10165029-4,54,hombre
Sade Slater,95932617-7,48,mujer
Orlaith Jones,36918308-7,30,hombre
Lowri Henry,94221380-8,35,mujer
Deyanira Santander,15591154-9,73,mujer
Kenzo Beech,95656123-k,28,mujer
Hayden Turnbull,56930255-2,50,hombre
Noemi Castro,79154026-7,15,hombre
Blanka Alford,19552470-k,34,mujer
Jane Fernandez,48040287-1,28,hombre
Francisca Huenufil,37126798-0,47,mujer
Rhonda Carney,81403585-9,40,mujer
Antonio Chan,63884576-8,39,mujer
Sebastien Petersen,89213188-0,53,mujer
Willie Greig,27712443-2,23,hombre
Aryaan Fox,88151779-5,52,hombre
Aiden Arnold,36304600-2,36,hombre
Jana Byrd,22825105-4,37,hombre
Shamima Wormald,21924647-1,44,mujer
Keanan Cordova,90739234-1,33,mujer
Anjali Rojas,94432090-3,42,mujer
Presley Mcgowan,42354523-2,44,hombre
Huw Atherton,66336340-9,46,hombre
Ahsan Flynn,71389826-0,46,hombre
Cai Mcneil,35115737-2,39,mujer
Jamie-Lee Cook,96863860-2,40,hombre
Millaray Salazar,42723522-k,65,mujer
Alana Rahman,46787382-2,21,hombre
Evie-Grace Hayden,83131309-9,49,hombre
Shantal Muñoz,99070181-4,75,mujer
Finnley Orr,22169359-0,23,hombre
Eleni Hansen,34349789-k,33,hombre
Cally Hopper,38578737-5,34,mujer
Kurt Sutton,28370900-0,52,hombre
Adam Grant,52247620-k,39,mujer
Matias Muñoz,59161375-8,24,hombre
Tevin Rosas,53523140-0,39,mujer
Sienna Weaver,37839960-2,49,hombre
Kaiya Huerta,87371798-k,45,mujer
Kerys Joseph,69402733-4,20,hombre
Iris Fowler,69167855-5,25,mujer
Zayne Crane,31459690-0,40,hombre
Tyler-Jay Forster,76563311-7,35,mujer
Ignacio Mardones,19680912-0,69,hombre
Harvie Bonilla,46805723-9,35,mujer
Martina Betts,41266992-4,48,mujer
Albert Irvine,62036438-k,22,hombre
Summer-Louise Strong,99463426-7,31,hombre
Rabia Pugh,56425505-k,57,hombre
Abbas Emerson,89336201-0,34,hombre
Ava Gilbert,81203114-7,21,mujer
Maiya Villa,20789297-1,48,mujer
Catalina Jara,58044372-9,88,mujer
Zithlali Ulloa,68120110-6,28,hombre
Matias Maldonado,73031326-8,79,hombre
Antonina Guzman,47865441-3,57,hombre
Traci Brookes,49604231-k,35,mujer
Jaxx Blaese,58765828-3,19,hombre
Daniela Gutierrez,98518861-0,90,hombre
Nasir Jenkins,45273848-1,19,hombre
Ameera Edwards,64367868-3,35,mujer
Atticus Hussain,60020954-k,45,mujer
Aysha Bone,83296811-0,37,mujer
Jasleen Parker,58332136-5,36,hombre
Martin Bustos,45355149-0,54,hombre
Carson Edmonds,78331019-8,52,hombre
Alister Hartman,91461351-5,58,mujer
Amelia-Mae Malone,87094740-2,30,hombre
Jacques Carter,75910499-4,41,mujer
Eleanor Acevedo,28012525-3,30,mujer
Dominika Mack,34424260-7,21,hombre
Ignacio Arias,37653211-9,17,hombre
Annais Caro,19706256-8,55,hombre
Akash Kendall,19533896-5,35,hombre
Adela Tillman,86164302-6,45,hombre
Bridie Stanley,15369176-2,51,hombre
Anne Bray,34966889-0,28,mujer
Dominykas Lutz,39899583-k,55,mujer
Benjamin Shaw,77796005-9,34,mujer
Colin Rosario,85779616-0,24,mujer
Roberta Rankin,22545748-4,33,mujer
Kareena Salter,52703981-9,46,hombre
Constanza Sepulveda,71881591-6,53,hombre
Ruby-May Bowden,46680387-1,39,mujer
Danae Gamboa,86260284-6,95,mujer
Trystan Wall,50321392-3,44,mujer
Eleanor Charlton,28353821-4,47,hombre
Yash Wallace,69691126-6,19,mujer
Uzma Burris,61774912-2,50,mujer
Manisha Mcloughlin,39006777-1,28,mujer
Andrew Santos,26100581-6,22,hombre
Nabila Byers,30854312-9,25,mujer
Izaan Byrd,89077953-0,22,mujer
Georga Duffy,11557739-5,47,mujer
Campbell Vazquez,89200986-4,31,hombre
Rex Mckenzie,54076655-k,30,hombre
Sophia Ryan,34846808-1,35,hombre
Ivan Allison,57829633-6,24,hombre
Saanvi Bernard,75653640-0,38,mujer
Hina Oneal,42679613-9,18,hombre
Rebecca Sheehan,49552236-9,56,hombre
Zachary Marks,64268937-1,19,mujer
Wyatt Stephens,61662429-6,33,mujer
Aalia Ball,59051717-8,21,mujer
Justin Godoy,43597800-2,79,mujer
Jacob Gilmore,67913619-4,39,hombre
Ignacio Huenuanca,12874915-2,28,hombre
Richie Petty,43630930-9,28,hombre
Jeremy Dunn,91790173-2,18,mujer
Ceara Santana,14920531-4,57,hombre
Darsh Macias,36692442-6,51,mujer
Zayne David,75016224-k,18,mujer
Diego Lopez,80924311-7,67,mujer
Ellie-Mai Hutton,14885951-5,22,mujer
Layton Hodge,73026642-1,20,mujer
Shahzaib Bellamy,44749202-4,22,mujer
Phebe Paterson,66920820-0,45,hombre
Bella-Rose Cox,69251591-9,45,mujer
Rivka Finley,16008678-5,60,hombre
Lewis Mcleod,17070747-8,31,hombre
Bjorn Salazar,97754557-9,35,mujer
Yasmin Barr,25609460-6,19,mujer
Aaron Roa,99428020-1,83,mujer
Kelsie Vickers,23684561-3,29,hombre
Callan Lowe,56093204-9,44,mujer
Fahad Richmond,14982281-k,23,mujer
Toni Morris,79029236-7,58,hombre
Carley Dixon,91888493-9,46,mujer
Nicolas Urriola,29622980-6,20,mujer
Maariya Enriquez,25450277-4,30,hombre
Kavan Holder,65346159-3,42,mujer
Sergio Galaz,92310665-0,47,hombre
David Beach,43173481-8,18,mujer
Tyla Mcneil,29646441-4,50,mujer
Aalia Higgs,31092780-5,46,hombre
Luis Torres,96187015-1,57,mujer
Ariya Mora,25070905-6,18,hombre
Sameera Robson,71180222-3,30,hombre
Nico Lim,87282538-k,38,hombre
Romilly Becker,95520055-1,24,mujer
Kodi Higgins,40403791-9,30,mujer
Dina Herman,36625090-5,22,hombre
Amanpreet Mata,81955785-3,58,hombre
Haidar Moreno,91346186-k,30,hombre
Billie Kaur,54546935-9,38,mujer
Princess Sharp,68428477-0,35,hombre
Asha Mckee,94821886-0,38,mujer
Jose Farrell,80640357-1,39,hombre
Elliot English,44867899-7,50,mujer
Katalina Gonzales,97036167-7,17,mujer
Harriett Castillo,81559564-5,23,mujer
Murray Britton,16792411-5,56,mujer
Usman Church,85682952-9,59,hombre
Macauley Davison,63459997-5,39,mujer
Andres Painenao,81401624-2,64,mujer
Ihsan Kelley,51093069-k,42,hombre
Eren Sargent,21666289-k,35,hombre
Kacper Glenn,47067447-4,42,mujer
Alisa Carpenter,56781936-1,31,hombre
Annaliese Rosa,48161908-4,47,hombre
Lexi-Mai Haigh,54230570-3,44,mujer
Diego Plaza,28597225-6,25,mujer
Karol Knights,23047484-2,36,mujer
Abraham Carreño,26196183-0,27,mujer
Luther Simon,67314332-6,21,mujer
Clayton Golden,29728267-0,27,mujer
Stanley Soto,58748811-6,26,mujer
Kiera Mccallum,71518049-9,46,hombre
Amba Crane,77484278-0,36,mujer
Aleena Maguire,93433032-3,38,mujer
Sohail Huerta,96007294-4,23,mujer
Tiffany Cantu,66714421-3,25,hombre
Cerys Clarkson,86083776-5,25,hombre
Alan Bonner,23000993-7,37,hombre
Ivo Patton,95437335-5,24,hombre
Diego Villegas,22637365-9,64,hombre
Lisandro Pinto,22997103-4,42,mujer
Emmanuella Prosser,49255740-4,45,hombre
Tyreece Cohen,69777560-9,43,hombre
Dania Carreño,40503382-8,29,mujer
Pia Short,14309109-0,52,hombre
Georgina Sargent,14761964-2,46,mujer
Romilly Heath,38317707-3,24,hombre
Kohen Tait,87772349-6,47,hombre
Emily Farias,93310611-k,40,hombre
Mila Rhodes,49166815-6,58,hombre
Isidora Pacheco,76494450-k,15,hombre
Sergio Cardenas,85410626-0,24,hombre
Reema Page,14343597-0,45,hombre
Clodagh Greenaway,80508950-4,44,mujer
Casper Pruitt,11554909-k,47,mujer
Mateusz Sharma,96260856-6,43,hombre
Teodor Lim,65731455-2,31,hombre
Ignacio Quiroz,79407634-0,68,hombre
Javiera Lizama,49881324-0,54,hombre
Clarke Mcloughlin,83330704-5,28,hombre
Austin Riddle,14240870-8,24,hombre
Paulina Milner,63214394-k,55,hombre
Antonio Carrasco,10116173-0,72,hombre
Escarlet Morales,85930746-9,31,hombre
Kacie Stevens,89576450-7,39,hombre
Natalya Thorpe,22783728-4,26,hombre
Isabell Hogan,96735305-1,26,hombre
Teddie Leal,15614052-k,34,mujer
Irfan Britton,52158784-9,25,hombre
Poppy Hartman,66954467-7,50,hombre
Jerry Delaney,46080300-4,28,hombre
Fenella Galvan,99265623-9,25,mujer
Raees Livingston,62425949-1,21,mujer
Elaina Dillon,59332921-6,56,hombre
Maisy Bright,77191435-7,48,hombre
Orlando Moraga,72629258-2,56,hombre
Jena Field,72070561-3,20,mujer
Dalia Jefferson,10619776-8,20,mujer
Daphne Mccallum,75981648-k,29,hombre
Alan Armijo,35773530-0,47,mujer
Bastian Tapia,48766480-4,69,hombre
Danyl Henry,49036882-5,42,hombre
Ignacio Delgado,28954972-2,80,hombre
Nelson Quezada,23937155-8,69,mujer
Isaak Esparza,51755919-9,41,mujer
Isabella-Rose Patrick,70841109-4,59,hombre
Bronwyn Orozco,61993529-2,43,mujer
Chay Sutherland,10517073-4,22,mujer
Genesis Cardenas,37156185-4,59,mujer
Zeeshan Johnston,11439340-1,26,hombre
Lucas Jara,24149278-8,84,mujer
Latoya Powers,54252672-6,39,hombre
Siyana Krueger,14811794-2,38,hombre
Denzel Herrera,95514882-7,39,hombre
Arnav Franklin,83290634-4,30,hombre
Benjamin Mondaca,75106425-k,85,hombre
Shayaan Watkins,56405384-8,19,hombre
Heath Cruz,35480818-8,44,mujer
Teigan Phelps,64660903-8,29,mujer
Keenan Ryan,58557550-k,31,mujer
Jorge Hidalgo,95623149-3,87,mujer
Benjamin Cayul,85034590-2,94,hombre
Abigail Alarcon,82581279-2,48,mujer
Hettie Samuels,37204390-3,47,hombre
Diego Caniullan,19942007-0,89,hombre
Hugo Cordova,99233768-0,37,hombre
Tyriq Whitmore,38830395-6,58,hombre
Ravi Avila,67710168-7,58,hombre
Steven Hills,20034783-8,53,mujer
Akbar Healy,14825989-5,50,hombre
Gabija Norton,12460058-8,32,hombre
Roosevelt Charlton,70433997-6,33,mujer
Saif Bostock,50109588-5,39,mujer
Eamonn Redfern,17327495-5,48,hombre
Mack Wallis,53456223-3,38,mujer
Sabrina Gillespie,27626683-7,47,hombre
Nimrah Skinner,18446690-2,30,hombre
Edmund Whelan,57792927-0,23,mujer
Denise Daniel,53281073-6,40,mujer
Jaeden Bravo,80611905-9,42,hombre
Sahil Davison,49860637-7,44,hombre
Amira Wong,33491402-k,28,mujer
Garrett Owen,87991170-2,50,mujer
Donte Salgado,66227912-9,40,mujer
Baxter Bateman,14736236-6,46,mujer
Libbie Camacho,87859472-k,59,mujer
Mila-Rose Ramsey,72856019-3,24,mujer
Isidora Orellana,71198104-7,90,hombre
Cataleya Beard,95226644-6,22,hombre
Dominique Contreras,75490842-4,71,hombre
Cora Becker,73557956-8,57,mujer
Cooper Draper,24796080-5,21,hombre
Manav Hampton,60211995-5,34,hombre
Dania Love,16836029-0,36,hombre
Shivani Long,94422835-7,33,hombre
Cyrus Fountain,98296705-8,47,mujer
Aisling Chaney,80228379-2,51,mujer
Melvin Perez,40675138-4,34,hombre
Josie Ibarra,75295314-7,47,mujer
Makayla Crowther,25368817-3,20,mujer
Rayan Mccray,34603233-2,60,hombre
Fred Salter,92898031-6,31,mujer
Pamela Figueroa,49326776-0,91,mujer
Fernanda Repol,73324033-4,84,mujer
Vickie Clifford,10927357-0,19,mujer
Clement Johns,87631642-0,42,mujer
Archie Rutledge,94384917-k,52,mujer
Charlie Rahman,99837067-1,53,mujer
Trey Evans,82903113-2,39,hombre
Shane Kelly,34823992-9,43,mujer
Ferne Fritz,25002692-7,45,mujer
Anis Cohen,37376941-k,32,hombre
Rhiann Cote,91935122-5,45,hombre
Skye Gray,48007583-8,49,mujer
Shanaya Hewitt,45644100-9,50,mujer
Tess Marshall,87442136-7,41,mujer
Lola-Mae Whittaker,93591226-1,58,hombre
Catalina Luna,46251263-5,90,mujer
Francisca Cayupan,56229978-5,43,hombre
Alix Thatcher,90594532-7,24,mujer
Giancarlo Roblero,27083103-6,94,hombre
Sami Suarez,51153844-0,59,hombre
Jae Ali,73075290-3,23,mujer
Harvey-Lee Burch,78301240-5,22,mujer
Kien Christensen,33199896-6,50,hombre
Amaro Bravo,82260254-1,70,mujer
Esteban Leiva,31691559-0,72,mujer
Milly Rudd,83469143-4,23,mujer
Nasir Willis,49891081-5,53,mujer
Adrienne Lamb,26475026-1,20,mujer
Libbie Jimenez,20843742-9,24,hombre
Izabella Bate,63699218-6,32,mujer
Zaynah Kennedy,66183219-3,29,hombre
Matias Ferreira,95521769-1,47,hombre
Matias Painequeo,18208603-7,85,mujer
Ajwa Daly,87624695-3,60,mujer
Saad Sierra,21188032-5,18,mujer
Santino Robson,54475883-7,23,mujer
Elliott Irwin,13890944-1,19,hombre
Ewen Little,36081017-8,49,mujer
Toby Day,69186141-4,19,mujer
Nabeel Barry,47329036-7,29,hombre
Mariyah Spooner,70735043-1,41,hombre
Kelise Fraser,73543707-0,45,mujer
Lester Contreras,71162268-3,51,mujer
Malcolm Mair,87734759-1,47,hombre
Caprice Mejia,20335324-3,54,hombre
Carlos Pinto,73222374-6,31,mujer
Hamaad Barajas,17611254-9,50,hombre
Carlos Antifil,34902561-2,99,hombre
Isidora Galvez,32817993-8,30,hombre
Nabila Silva,54556015-1,40,mujer
Owain Rollins,28738037-2,46,hombre
Maiya Tierney,43654491-k,21,hombre
Constanza Diaz,24215497-5,72,hombre
Cadi Stokes,79758989-6,35,hombre
Nichole Savage,16315937-6,28,hombre
Kiri Fitzpatrick,88806288-2,54,mujer
Samiya Hardin,84911278-3,57,mujer
Ammaar Carty,13947632-8,48,hombre
Chelsy Whitley,67170407-k,27,mujer
Erika Greene,25497638-5,49,mujer
Lea Atkins,48425773-6,51,mujer
Dawson Rayner,73290473-5,58,mujer
Talitha Mcloughlin,22234852-8,60,hombre
Alexandra Garay,95487734-5,58,hombre
Lorraine Maxwell,89793517-1,21,hombre
Benjamin Quilacon,28792266-3,37,hombre
Nakita Meza,33466037-0,52,mujer
Cesia Ramos,38158176-4,85,mujer
Adrian Fitzgerald,59444986-k,51,hombre
Cristobal Vallejos,84921010-6,90,mujer
Oliwia Livingston,33572631-6,29,mujer
Ali Childs,68208732-3,56,mujer
Sonnie Pugh,34039148-9,58,mujer
Shelbie Moreno,12885071-6,46,hombre
Lianne Mccoy,77477421-1,21,mujer
Matias Strickland,88408240-4,52,hombre
Elspeth Rice,63974341-1,55,mujer
Piotr Glenn,81881771-1,52,mujer
Carolina Brevis,48986292-1,41,mujer
Diesel Hunt,11750224-4,33,hombre
Codie Galloway,27183294-k,48,hombre
Charlene Lambert,11087572-k,19,hombre
Patience Waters,88283175-2,44,hombre
Mollie Fraser,13463271-2,35,hombre
Michele Corbett,96557795-5,23,hombre
Enid Flower,77785207-8,56,hombre
Daniela Arraño,73745994-2,50,hombre
Vinny Vazquez,81600879-4,21,hombre
Joseff Peters,20467855-3,33,hombre
Alasdair Lucas,27852199-0,56,hombre
Rupert Ahmed,22027409-8,28,hombre
Hiba Clemons,44822766-9,43,hombre
Constanza Conejeros,86043030-4,87,mujer
Mai Regan,80698616-k,35,hombre
Kit Adams,70638696-3,27,mujer
Fariha Barnard,71962392-1,20,hombre
Kaylan Huff,64063874-5,31,hombre
Lucas Araya,41391265-2,81,hombre
Sneha Joseph,19735595-6,58,hombre
Ed Sierra,95598580-k,33,mujer
Manisha Stephens,65485230-8,56,mujer
Valentina Cancino,80580088-7,76,hombre
Manraj Pope,91223172-0,56,mujer
Marcela Vargas,40455577-4,27,mujer
Constanza Castillo,14292252-5,55,hombre
Milosz Wicks,20909860-1,44,hombre
Evan Haas,24655915-5,24,hombre
Yadhira Cifuentes,45008209-0,97,mujer
Josue Donoso,15623590-3,32,mujer
Freya Gross,53609901-8,50,hombre
Alejandro Sarmiento,69163174-5,55,mujer
Nabil Ruiz,99294258-4,50,hombre
Carter Richards,94864113-5,31,hombre
Pablo Salazar,35069575-3,52,hombre
Harri Burrows,23748548-3,24,hombre
Sara Horn,27143992-k,33,mujer
Anastazja Mcdaniel,92445451-2,20,mujer
Marcelina Lowery,71075215-k,33,hombre
Joseph Broughton,33481996-5,21,hombre
Akeel Peacock,82673938-k,55,mujer
Eshaal Searle,75576764-6,47,mujer
Eoin Sosa,28060713-4,54,hombre
Iqra Thorne,27650119-4,51,mujer
Josue Moreno,13700503-4,28,mujer
Jasper Hicks,53038300-8,41,mujer
Arthur Lara,58191750-3,43,mujer
Tanvir Cortes,62778278-0,20,mujer
Winnie Bloom,39790970-0,38,hombre
Josh Pittman,39473167-6,25,hombre
Gilbert Vang,42226798-0,57,mujer
Vishal Merrill,86516801-2,49,hombre
Kirstin Fry,21630671-6,18,mujer
Daniela Beroiza,48246125-5,67,mujer
Waleed Aguirre,63968995-6,53,hombre
Kris Peña,36664523-3,12,mujer
Toyah Wolfe,83605517-9,24,hombre
Malcolm Plant,57836259-2,20,mujer
Jibril Hall,89118524-3,28,mujer
Yousef Rutledge,74748755-3,34,mujer
Lemar Cullen,14585428-8,28,hombre
Ivie Perez,25198755-6,41,hombre
Emir Bird,13965853-1,40,hombre
Jesus Gonzales,53967694-6,72,hombre
Marcia Berg,57689116-4,27,mujer
Samirah O'Brien,76356563-7,25,mujer
Cecelia Bender,29877385-6,20,hombre
Issac York,93057304-3,48,mujer
Keith Mccall,53511335-1,60,mujer
Milly Olson,48176712-1,21,mujer
Damaris Venegas,38725184-7,30,hombre
Jonny Cortes,24945173-8,43,mujer
Mahi Vargas,44171043-7,28,hombre
Emilio Soto,79695896-0,89,hombre
Lennox Mcculloch,29637564-0,53,mujer
Ralphy Phan,94362008-3,28,hombre
Ella-May Hayes,48333719-1,21,mujer
Hadley Acosta,32086803-3,45,mujer
Martina Leiva,94006732-4,62,hombre
Billie Durham,93550420-1,37,hombre
Jax Hester,54676049-9,24,hombre
Elliot Pacheco,37184049-4,30,mujer
Juliet Goodman,15823641-9,43,mujer
Caitlan Whitehouse,50728559-7,30,mujer
Javier Moya,43630977-5,30,mujer
Talia Ellwood,41704207-5,26,mujer
Emeli Handley,48679409-7,56,mujer
Nusaybah Fitzgerald,79425659-4,44,mujer
Alyce Kirkpatrick,42678415-7,22,mujer
Devonte Needham,70582800-8,56,mujer
Lucas Vasquez,16670974-1,74,hombre
Aleena Parra,99075946-4,45,hombre
Lester Beard,73342699-3,60,hombre
Kaeden Frazier,66185512-6,56,hombre
Louie Swan,95367461-0,18,hombre
Nicolas Zuniga,20640357-8,50,mujer
Vincenzo Preece,45026733-3,49,mujer
Ari Tomlinson,14377401-5,51,hombre
Rianne Coleman,87548946-1,26,mujer
Carla Farias,94947578-6,57,hombre
Cheyanne Petersen,89751595-4,37,mujer
Effie Washington,79687907-6,49,hombre
Nishat Greig,21332506-k,42,mujer
Olivia-Mae Carey,69760987-3,47,mujer
Alexandria Garrison,47377094-6,53,hombre
Kara Rivas,87634133-6,49,hombre
Jobe Campos,72810804-5,54,mujer
Fabiano Carte,51630030-2,52,hombre
Ollie Morrow,20180335-7,42,hombre
Siyana Ballard,95423202-6,23,hombre
Raheel Bonilla,25399600-5,52,mujer
Grover Vaughn,79480331-5,36,mujer
Nicolas Henriquez,66922079-0,70,mujer
Anais Aguirre,10742402-4,54,hombre
Tevin Walter,34882918-1,46,mujer
Spencer Tran,48553208-0,24,mujer
Layton Sparks,74269105-5,24,mujer
India Camacho,12969098-4,22,mujer
Collette Munro,72429091-4,39,mujer
Uma Morales,77020926-9,45,mujer
Andres Lucero,61336127-8,81,hombre
Khia Kline,22587614-2,33,mujer
Catalina Gonzalez,91938760-2,94,hombre
Lylah Mcguire,96392316-3,57,hombre
Willie Dotson,65238271-1,57,hombre
Adriana Jimenez,24115633-8,72,mujer
Tyrell Clay,23970806-4,47,hombre
Margo Stuart,21875469-4,19,mujer
Catalina Huentelaf,72275204-k,19,mujer
Darcie-Mae Hutton,99116865-6,22,hombre
Aryan Hastings,82533150-6,25,hombre
Salome Orellana,45510769-5,83,hombre
Alaw Ferrell,38895795-6,57,hombre
Camilo Roblero,71652443-4,78,mujer
Dalton Colon,81698647-8,38,mujer
Alonso Dumont,80592689-9,18,hombre
Sian Montgomery,51827744-8,22,mujer
Payton Arroyo,63216586-2,24,hombre
Alesha Roth,80885102-4,23,hombre
Valentina Aliaga,59260036-6,96,hombre
Aaron Cares,82003178-4,86,mujer
Dorothy Barclay,90870389-8,39,mujer
Kajal Short,40644356-6,27,hombre
Inigo Castro,64272663-3,32,mujer
Lance Weber,26249833-6,20,mujer
Kofi Mcdermott,22532060-8,37,hombre
Theia Parkes,74361473-9,50,mujer
Xander Goodwin,25107105-5,22,mujer
Danica Hutchings,48433213-4,23,mujer
Anais Oyarzon,43953571-7,77,mujer
Josh Small,72939187-5,57,mujer
Emelia Roche,66295586-8,57,hombre
Amari Field,10206801-7,42,mujer
Arjan Mcdermott,80291272-2,26,mujer
Franco Gomez,86555166-5,34,mujer
Bayley Melia,38287473-0,34,hombre
Trent Delacruz,40424433-7,34,mujer
Annabelle Hester,33874298-3,41,mujer
Francisca Reyes,48292072-1,33,mujer
Shane Best,39043389-1,39,hombre
Francisca Roblero,32700742-4,97,mujer
Toby Petty,84593882-2,31,hombre
Lillie-Rose Stokes,29522091-0,57,mujer
Jeff Lane,69705129-5,21,hombre
Amaro Mondaca,52576933-k,87,mujer
Tierney Mackay,79344858-9,55,hombre
Robyn Hyde,14495790-3,55,hombre
Haider Hines,24927693-6,19,hombre
Corrie Kirkpatrick,84729190-7,57,hombre
Zayan Solomon,45125749-8,41,mujer
Brendon Denton,23625905-6,44,mujer
Martyn Parra,97102977-3,38,mujer
Kaeden Knapp,37285914-8,53,mujer
Keyan Rigby,42644643-k,53,hombre
Tatiana Williams,23711490-6,49,mujer
Kenny Gaines,81492646-k,23,hombre
Ignacy Leblanc,46962859-0,29,hombre
Haydn Dillard,45276568-3,52,hombre
Zac Mcgill,88107942-9,40,mujer
Forrest Salt,98152080-7,33,mujer
Ellenor Lara,11544489-1,28,mujer
Ignacia Gomez,52392092-8,79,mujer
Simone Akhtar,18969557-8,53,hombre
Darryl Carlson,28673876-1,57,hombre
Maaria Major,53644614-1,41,mujer
Yisroel O'Neill,69265725-k,21,mujer
Samanta Marinao,81330568-2,60,hombre
Tanisha Allen,89861491-3,24,mujer
Danyal Steele,59749734-2,49,mujer
Leandro Aravena,70106627-8,34,hombre
Vania Peña,66844166-1,45,hombre
Moesha Mclean,53089483-5,42,hombre
Karina Morgan,97632307-6,49,hombre
Javiera Jaramillo,84671162-7,48,mujer
Francis Kerr,34414978-k,40,hombre
Justine Black,32211035-9,23,mujer
Lila Barron,72478850-5,59,mujer
Fernanda Gajardo,33890329-4,59,mujer
Saqib Mill,11784418-8,57,hombre
Abdur-Rahman O'Reilly,49159506-k,19,mujer
Andrea Sanhueza,55823148-3,67,mujer
Guto Benitez,59890575-4,43,mujer
Ilayda Whitehouse,11118739-8,29,mujer
Lacey Thatcher,59495529-3,23,hombre
Lexi Cairns,69768825-0,45,hombre
Paola Quezada,86679007-8,19,hombre
Raife Cassidy,41234355-7,22,hombre
Aria Massey,66478458-0,38,mujer
Adela Cordova,85394005-4,37,hombre
Josefa Huaiquil,80511365-0,53,mujer
Alys Schwartz,33298524-8,30,mujer
Jessica Reyes,68377701-3,59,hombre
Haris Humphreys,38072383-2,28,hombre
Kimora Ridley,33461543-k,28,mujer
Lamar Bailey,97004364-0,49,hombre
Cai Woodward,72159761-k,32,mujer
Julien Sloan,35656775-7,59,mujer
Zakariyah Williamson,60038263-2,24,mujer
Ayomide Mosley,46531952-6,29,mujer
Jasper Harvey,32359787-1,54,mujer
Eleasha Craig,58000701-5,31,hombre
Daniel Zuñiga,72570829-7,62,hombre
Heena Valenzuela,60854678-2,55,mujer
Adele Douglas,42814101-6,53,hombre
Reiss Lutz,19410523-1,29,hombre
Catalina Montero,17371278-2,92,mujer
Hope Serrano,33904341-8,26,mujer
Olivia-Mae Hicks,26135720-8,32,hombre
Ignacio Barra,83896534-2,98,hombre
Esteban Guzman,78662700-1,95,mujer
Elliott Robbins,96964691-9,41,mujer
Frederic Brooks,37630974-6,44,mujer
Sakina Stewart,40161573-3,49,hombre
Mary Manning,53234460-3,57,mujer
Arfa Boyer,30775222-0,39,mujer
Kaiden Ewing,75357089-6,51,mujer
Keeva Allan,60158787-4,37,hombre
Irene Contreras,66045545-0,56,hombre
Alondra Chamorro,86683089-4,91,mujer
Isidora Bravo,50042631-4,16,mujer
Una Glenn,42216276-3,40,hombre
Elle Lindsay,97404549-4,37,hombre
Hiba Hough,17474518-8,33,hombre
Josh Fry,93066103-1,34,mujer
Isabel Vance,69141385-3,49,hombre
Ewan Chadwick,87081187-k,40,hombre
Samad Neville,54122700-8,32,mujer
Cosmo Bush,69140468-4,56,hombre
Isaac Halliday,77983700-9,26,hombre
Zack Sanderson,85516291-1,27,hombre
Andres Diaz,38628283-8,49,mujer
Brayden Grey,62014673-0,52,hombre
Iram Carroll,79922398-8,60,hombre
Jade Thatcher,47981838-k,30,hombre
Nayelit Brantes,57437538-k,41,hombre
Ariadne Hibbert,35155157-7,40,mujer
Nimrah Lowery,66398573-6,31,mujer
Reya Bruce,53383454-k,52,mujer
Ira Houston,95777850-k,53,mujer
Fatima Traynor,60139069-8,56,mujer
Rocio Bernales,78734770-3,95,hombre
Amie Fuller,10254486-2,22,mujer
Sneha Hagan,90601826-8,56,mujer
Natalia Henriquez,56914123-0,76,mujer
Warwick Webber,86819507-k,37,mujer
Mahnoor Legge,96828461-4,24,hombre
Rochelle Cain,46088353-9,41,hombre
Kinga Redmond,78459862-4,22,hombre
Scarlett Cassidy,33911863-9,49,hombre
Louie Harwood,36750587-7,55,mujer
Maisey Alexander,76396643-7,33,hombre
Lilianna Maxwell,93900888-8,50,hombre
Jaheim William,37117213-0,19,hombre
Aamina Bean,79725605-6,60,hombre
Lily-Rose Wharton,43329730-k,49,mujer
Aariz Berry,61262323-6,48,hombre
Gracey Day,71134226-5,18,mujer
Alistair Sanford,70012917-9,59,mujer
Elisha Mitchell,84078768-0,39,mujer
Phebe Braun,31111145-0,55,hombre
Ariyah Mckeown,91995839-1,46,hombre
Juan Veas,92394961-5,22,hombre
Nicole Holland,29858450-6,32,mujer
Becky Strickland,49641463-2,29,hombre
Constanza Quezada,29742884-5,51,hombre
Ayaan Bass,59105378-7,45,hombre
Kailum Parry,45467235-6,21,hombre
Giacomo Parsons,83603309-4,34,hombre
Zackery Sheridan,83028620-9,54,mujer
Junayd Andersen,67902197-4,43,hombre
Ellise Bautista,66899113-0,41,hombre
Malaikah Burn,75153238-5,29,mujer
Finnian Waller,45751112-4,18,hombre
Sabah Skinner,74895468-6,46,hombre
Andrea Chen,21840388-3,51,hombre
Yanara Carrasco,79263691-8,39,mujer
Sufyan Rollins,44715611-3,44,hombre
Javiera Peralta,14106853-9,30,mujer
Jobe Reyes,79725852-0,26,hombre
Brad Stewart,64750606-2,42,mujer
Kayleigh Finley,87244280-4,31,hombre
Karla Castillo,32165632-3,38,mujer
Neil Miller,33078552-7,19,mujer
Abdur Heath,40127235-6,41,mujer
Emme Marriott,91888069-0,58,hombre
Elizabeth Hopper,81234956-2,26,hombre
Awais Berger,46187096-1,39,mujer
Elle-May Iles,96251410-3,19,hombre
Cleo Goodwin,29950437-9,49,hombre
Janet Delarosa,50270274-2,60,hombre
Annabelle Poole,79873843-7,40,hombre
Harriett Ayers,49993665-6,27,hombre
Krista Head,67414624-8,33,mujer
Ruby-Leigh Gallagher,23298212-8,22,mujer
